15.30813,-10.333702,3.6716475
-10.217969,-0.32505104,-7.514859
-1.3872155,8.043506,-9.267008
8.100301,8.697489,4.051061
-16.862228,-6.498662,-0.33494192
5.9514246,3.9257746,10.94184
1.0450372,-5.0211005,-11.884471
-13.242397,8.480374,3.5546827
1.1787829,4.418668,-3.1053977
2.642283,2.0473998,6.828506
12.619648,-8.444166,3.4603207
-11.6772995,-1.6674368,-3.3932166
9.563901,10.539402,-9.305714
4.137523,12.349747,5.3559694
-17.033478,-4.2146707,1.9982654
-4.502486,-14.02569,4.5842257
4.7651787,-5.383262,-13.738072
-10.143195,8.8426285,9.622794
-3.7775967,7.7913575,-2.9410021
8.601767,3.7891417,10.845825
12.980139,-14.02855,0.01967832
-10.285741,-3.1729734,-3.9620008
7.0481324,11.203912,-9.52284
1.6267191,13.844161,6.3610597
-16.42109,-4.8256135,-0.6811817
-4.303541,-12.731611,0.7280477
0.32808292,-5.220571,-12.040594
-13.223501,6.834808,9.835865
-1.310448,6.339196,-4.3845434
7.948761,3.8694866,10.848702
12.943124,-12.361534,4.9539423
8.855574,3.525296,10.8581915
-2.4336288,-11.715033,6.6625195
-5.2606483,-9.889547,3.489376
4.2930636,-4.4641585,-12.554869
-5.1879735,-9.86901,3.3759718
12.109831,-14.304187,1.6052037
9.136496,3.1811223,4.9122753
-5.7298155,7.268103,-2.7823932
6.987885,0.26207092,12.5905695
-1.7690887,6.9518895,-4.0466785
-17.650873,-3.7879941,2.5300453
-10.370863,-1.4796011,-4.591308
-12.51081,7.743526,9.875015
-12.804662,9.234581,3.6763945
5.8041344,14.561667,5.3362675
-5.6381526,-10.256358,2.5047405
-10.005463,-2.5081499,-5.513118
14.336445,-9.296952,0.99517536
16.234804,-11.13787,-1.5252206
-0.6351778,9.001779,-9.107598
-1.7254238,8.662256,-9.737725
-12.608063,7.1730866,8.690693
-2.72108,5.028113,-5.245325
-1.8565762,8.692139,-9.855625
12.640104,-14.569614,-0.6754407
-9.646057,-2.6172361,-4.8537946
-1.4788543,8.124225,-9.357871
0.7319746,-6.127394,-12.142677
3.4481564,12.883446,3.597879
5.3818245,14.467107,5.2360935
-10.59274,8.858215,9.626966
4.562831,14.523306,5.5540543
3.2404974,14.341418,4.0098567
-18.157093,-5.2458596,0.8258963
3.6049278,-7.3216586,-13.1482935
0.98474467,-5.675442,-12.384945
-0.48454645,-9.3405485,-14.190244
-16.751406,-3.6921017,6.180716
-7.333692,7.5467024,0.6658282
-10.07056,-2.858518,-6.1957493
-2.0830169,-12.733414,7.0645885
13.913902,-14.548721,-1.0183977
6.9089856,3.7563963,10.95187
-1.8073735,-9.941738,2.409853
-2.0534832,8.553678,-9.921506
-4.592801,4.427961,-3.0223436
-2.3447244,8.604826,-10.1348915
18.481222,-11.321902,-0.503159
16.642532,-12.135942,0.6660943
-9.223177,-2.489199,-4.929129
-12.107223,9.12155,6.150342
0.8844333,-5.23213,-12.23239
2.9420424,15.138368,5.448633
6.112374,12.572972,-13.62358
-10.2554245,-1.081903,-5.8536673
-11.960878,6.529368,10.908155
-15.916196,-0.29500058,2.9082053
2.531462,-5.1235366,-11.930441
3.9765084,14.414219,5.629534
-10.376413,-1.3187102,-4.6167517
2.3643274,14.253921,4.0967555
5.5276113,1.2726454,13.840518
-10.219896,-0.46570915,-7.389724
-8.387509,9.306946,8.507171
0.1479715,-3.8502421,-11.243654
-5.0257897,6.832585,-3.561514
-16.914566,-4.8557606,-0.06325183
2.7205415,14.848011,4.3489904
-6.5398326,1.0178701,-10.930798
-16.92458,-5.2000065,-0.20560433
14.315155,-13.389787,-2.240542
-2.1977313,-11.257257,2.9844244
-2.1462498,11.450417,1.3299898
-0.46169338,-5.605726,-10.040458
8.485118,2.4787586,11.441866
1.5121493,-3.4991217,-11.955567
-10.264295,-1.2263558,-3.119028
-11.65726,8.231785,9.884054
-3.840645,-12.339561,2.2820756
-17.605518,-2.7284958,6.668874
-17.194538,-3.4116166,5.8472424
-11.123839,9.411215,7.382488
5.5171247,10.756749,-8.532871
-3.0299103,4.0012026,-3.9561942
-1.024958,8.930253,-9.346779
-0.4820524,9.135263,-9.061216
-6.136024,-13.185344,3.2941365
-10.918409,8.196121,7.6554933
9.274584,2.0845082,10.492485
-4.7780714,-9.515356,3.0543556
-16.032572,-0.39261004,3.0241497
-2.5226529,8.470893,-4.113207
0.07763674,5.4629626,-5.6024637
-17.813194,-3.8058002,2.918501
2.6590753,3.5395424,11.143727
13.572947,-14.271929,-1.1088661
-6.027698,7.2508283,-2.8105278
3.3568797,0.18744089,13.347485
-8.111601,0.2249094,-9.258043
14.752116,-10.693628,1.0203042
-8.523525,-2.786092,-1.7503513
4.7263513,12.2554245,-12.556409
1.8466483,15.357218,5.164467
-16.450878,0.18220434,-1.5820531
-6.1880555,-13.28559,2.0911632
1.031642,-10.247198,-11.0333605
-9.051171,10.883362,7.835177
-0.6088261,5.489335,-3.2212667
7.3912225,2.1517937,10.774971
14.503691,-14.54548,1.3161325
-10.164788,-1.5894448,-2.657908
3.3259432,12.754511,-11.91042
4.37405,14.538347,6.0765405
-17.080267,0.03634968,-2.3079479
-5.6938257,-12.435651,4.4050074
5.560627,-6.6736894,-11.059285
-9.079014,11.293935,7.8732834
-1.1831626,3.1377463,-3.4882574
5.5808263,2.9759939,11.406585
14.791949,-12.713255,-1.763188
-9.556213,-1.6120427,-1.9338973
5.5649743,13.174906,-6.7780604
1.9854909,14.453755,5.7408977
-17.41818,-1.3311092,-1.7924266
-6.6412725,-15.2568865,-0.10002944
2.4236763,-5.6134033,-11.965362
-10.550963,12.724944,6.0466723
-1.3931226,5.0207667,-6.6542454
6.7072997,2.4362228,10.995608
12.258044,-13.708767,2.0985622
7.170465,2.825908,11.695261
-5.5784965,-12.6517515,3.3300846
-6.6235375,-14.813438,0.7295847
-0.30914402,-10.129477,-13.058323
-6.842313,-13.940258,1.4708124
13.846041,-12.92494,1.9523607
8.576575,2.0704002,8.748832
-0.7582786,5.5129466,-3.3208404
7.8167944,2.0520778,10.756471
-0.13067731,9.417268,-2.125889
-18.001802,-0.3937792,-3.1855984
-10.189304,-3.1492863,-2.4212477
-12.494112,6.335488,7.8371844
-9.481865,6.3581715,8.814286
2.7789705,12.858728,4.5115533
-5.113662,-12.584489,2.7061086
-9.513139,-2.1499846,-1.8534337
17.178265,-12.130967,1.7997644
12.445187,-14.204143,-1.3418447
4.1063404,10.946447,-10.533017
3.6217556,12.571288,-11.542327
-9.884004,10.67094,6.9211235
0.34221417,4.9531784,-4.358478
5.2257066,11.5491295,-14.6257715
13.536132,-14.364189,-1.1710471
-10.016323,-3.4923131,-3.1353166
5.695146,9.972367,-12.032192
-0.058669653,-8.427372,-12.649651
4.3210354,14.524054,6.4541774
4.0864954,15.79732,4.9971523
-9.502377,13.9495,5.6355114
2.2280407,14.515443,6.945912
4.2975616,15.239835,4.7203145
-18.925486,-2.1023858,-2.21271
2.7991781,-5.725335,-11.201773
-0.03346138,-8.305475,-12.827298
0.2027448,-9.790003,-12.339641
-18.808546,-1.2949411,-3.7574284
5.4220037,2.9038925,10.228724
-10.91476,-0.7878984,-3.4352422
-5.4480176,-12.993964,2.2175245
14.978855,-13.095584,0.048747417
3.5012603,2.3641155,9.776147
-7.005023,-15.2290325,0.1790596
5.3549137,12.92931,-6.561335
-0.14413881,9.175663,-2.0543768
4.2644486,11.539039,-11.028635
11.974404,-14.71065,-0.14456898
14.407993,-13.756245,-1.904245
-10.028441,-2.8473654,-2.5532029
-9.557249,10.24584,2.1172993
-0.5948356,-9.072466,-13.844334
2.98762,15.171928,5.377683
4.4798284,12.055458,-12.06384
-11.162554,-0.042055007,-3.146187
-9.35318,13.445403,5.946403
3.0980759,15.575182,5.352614
-9.632804,-1.542635,-1.8917413
3.6059902,14.968758,4.629459
3.210058,1.7899587,9.325657
-11.501528,-3.3362474,-3.4131575
-11.578457,7.077155,6.7487845
3.7756486,-5.069084,-13.167626
1.2570555,4.0627794,-5.7841535
-17.565067,-0.32788673,-2.6609704
2.1324534,14.864762,6.3579454
-11.693358,-1.6469015,-3.381036
-17.469412,-0.64784765,-2.5220962
16.383818,-12.481034,1.2231104
-7.1402497,-13.372763,1.4141538
1.0850655,13.75061,6.648395
3.9846976,-8.505527,-9.247647
6.3793664,3.0389128,11.34859
3.8750088,-12.016847,-11.232665
-11.547126,-3.1936305,-3.0282457
-11.008465,12.000617,5.744351
-6.3752594,-13.216501,0.88379097
-18.84485,-1.3501338,-3.6605442
-17.274096,-1.4719772,-2.591774
-9.46551,13.145592,6.318384
5.1127224,11.4273815,-14.975231
-1.509901,4.9008875,-5.849774
4.7113757,11.430514,-14.870556
4.070896,10.68468,-10.515885
-7.175269,-13.703678,0.94305867
-6.3693423,-12.473076,1.4674771
-16.865854,-2.1390254,-2.6638274
-0.5470576,4.54773,-5.054579
0.20103616,5.0988164,-5.188783
-17.119156,-0.08416276,-2.274159
3.1524036,1.2970579,6.6724725
14.189906,-13.011744,-0.51238346
1.2335614,4.2256684,-5.9864106
3.8711877,2.1240315,7.8856144
-2.6707284,4.0574946,-3.8565512
12.541567,-9.615135,3.937283
-7.0940795,2.4075227,-8.043176
6.1865306,14.478248,-10.907238
7.881051,8.299427,4.2155566
-17.226503,-3.0600767,5.5221543
-1.3926734,-8.464332,8.422924
2.4320512,-11.519424,-11.982035
-12.771534,6.113823,6.436828
1.9776505,1.8279366,0.064990476
-6.1102285,2.2742631,4.7999973
15.986264,-13.450791,2.7946472
-9.039165,1.7393734,-5.507195
6.1611505,13.89006,-11.067464
4.5419064,8.549105,6.1015496
-17.567503,-2.3274941,3.7043352
-6.8917313,-12.908957,4.3739505
2.4062483,-10.108609,-12.417926
-10.586467,10.005561,5.665855
-3.6608849,5.3164496,-0.7793727
-7.245769,2.9233527,4.3223543
13.752488,-9.343211,3.173688
-7.81343,2.0558147,-5.9653854
4.783591,14.678376,-11.263886
7.501598,12.130023,6.686694
-18.882648,-2.1069984,5.4697742
-1.3110738,-9.979604,6.6411905
-0.44183525,-10.254735,-13.517036
-8.689963,6.166913,11.432894
-3.758534,4.8344054,-0.6018397
6.0180287,-0.8857099,11.922516
12.8684025,-9.00489,4.481252
9.164855,1.7567327,9.306679
-1.7478491,-9.592846,8.047605
0.34867617,-7.944937,4.4705114
3.2174604,-8.765659,-12.828844
1.9335918,-5.543414,6.372551
13.352234,-9.40581,5.687576
2.2860937,-0.22160268,9.39805
1.1633365,2.0689282,-3.488402
7.397104,-1.2225096,7.3853984
0.88625586,2.0413208,-2.8423004
-19.328339,-4.9505486,3.558404
-4.7955804,1.1643246,-10.090062
-9.59744,10.3224745,5.357778
-9.178255,5.643281,9.4502535
4.4160786,9.098807,6.5714536
-2.1154172,-9.76485,8.339319
-4.6162496,4.0626245,-9.477528
14.488943,-9.265926,1.1694033
15.040606,-8.626831,2.5982578
4.4563346,14.327682,-13.139455
4.1405125,13.1599,-10.982557
-11.382313,5.4965553,8.666063
1.4669294,0.78387064,1.4521269
6.020722,13.934438,-10.403458
14.469646,-8.879662,2.9593024
-11.16028,-0.22702706,-3.207636
5.9162416,13.988717,-11.9426775
1.8447299,-12.658501,-10.0122595
5.6736665,8.401792,3.8859055
3.904341,10.139848,6.851314
-9.443979,5.3828273,11.1466055
5.6019363,9.081862,5.5022454
5.4914927,9.123033,5.428999
-18.922634,-2.9569993,4.525264
2.1604466,-10.330312,-14.969149
2.3034682,-10.278661,-14.858144
4.3675513,-8.678494,-14.695685
-19.862589,-2.383257,5.4219794
-7.0533023,1.9789648,4.6931286
-6.828845,1.9349108,-9.353156
-2.839,-15.198585,4.4871283
13.533268,-10.382965,2.297727
-7.184924,2.827962,4.3813148
-1.6338242,-9.881347,8.050716
5.4199867,13.816643,-10.2983055
1.5356612,1.8316308,-0.86170346
4.161058,14.594789,-12.266064
13.279424,-8.228604,3.2049856
13.580435,-10.360351,3.111602
-8.52263,2.1669533,-6.049329
-8.736285,8.687934,9.421849
3.4444075,-5.9180846,-13.814199
4.60777,8.91956,6.2150474
4.083594,14.051054,-11.02985
-8.82107,1.9615891,-5.690015
-8.892512,9.297576,9.118223
-17.763102,-2.2508912,3.6482549
1.8430339,-12.198601,-11.629535
4.5312424,11.324254,5.6471367
-7.34808,3.3412473,-8.202945
6.0473614,8.754123,3.4280252
-6.5929356,2.3754017,4.6926975
-7.1933813,2.8105807,-11.426666
-8.873537,11.764361,6.482502
3.432911,-8.971199,-12.715125
-1.3793843,4.985165,-2.1018898
-20.330713,-5.3095517,2.9550242
5.8219824,8.785376,3.012261
-8.682876,4.441747,-9.917713
-16.421999,-1.3054323,5.082444
14.82997,-9.909401,-1.1271026
-0.54988813,-8.918256,8.476406
7.777726,11.776456,6.708873
1.841453,-10.346892,-12.64703
-7.1778617,2.4260266,4.505874
2.057584,-10.198491,-15.584418
-4.835059,-0.2812599,-9.238208
-10.031404,12.908798,7.1688275
-2.0829878,-10.965985,5.558054
-21.521328,-6.2967596,1.5814147
-18.2423,-4.348711,4.368547
-8.918238,9.246482,9.008542
5.5106072,15.010414,-10.826502
0.83222413,2.5162952,-1.8090132
4.008247,14.707085,-12.307684
6.498672,13.472294,-12.264019
-0.67712003,-7.582256,6.142868
-10.240622,6.904995,9.83814
-8.482279,-1.9042035,2.8021157
-7.381297,-14.383295,2.898789
-19.417803,-2.7671344,4.869361
3.2719033,4.2236195,0.42665744
0.8570261,1.5763756,-2.6311474
-17.54475,-3.8947792,2.8524437
-8.996519,-2.111173,2.2802062
15.666978,-10.233514,-0.27452865
-3.6744146,4.9379807,-0.9645193
-6.617404,2.1413145,4.8185496
3.9093144,11.8414545,4.4674478
17.237944,-13.688659,0.6629177
-8.220769,-4.3044653,-2.9002655
8.819607,10.95903,-9.630825
3.396796,10.652601,6.16847
-19.304605,-1.9707446,-2.8863034
-3.9495738,-9.874172,7.2126904
3.7158597,-7.8531885,-8.319989
-6.6765738,2.1913462,8.257864
-0.2856345,2.148092,1.9353012
4.998925,1.0503006,13.455401
15.952648,-12.8224945,1.2628853
-10.427054,-4.5881805,-5.8696394
10.962913,11.485884,-9.210034
8.698023,6.6359744,5.4602556
-20.449959,-1.0194783,0.065057635
-4.367584,-9.569361,5.253961
4.3722863,-7.430606,-7.5728273
-6.798527,1.8291144,8.33683
-1.9511082,6.1633677,-2.448109
8.114881,1.546176,7.7905984
14.840525,-12.894479,-0.16072138
-10.843123,-4.1022596,-3.8142688
9.067322,10.301688,-11.396659
11.070921,9.714457,7.2525706
-18.473701,-1.9592574,-1.6028107
-4.2335863,-9.5528145,5.4982285
5.072362,-6.55486,-8.715854
-6.997018,1.553763,8.523265
-0.16761252,-0.74621695,0.7463085
8.1337805,1.5767721,7.8143373
13.939193,-14.556012,1.9825205
4.3629265,1.3226923,6.0391083
-3.962608,-9.736017,7.553269
-3.439375,-9.408905,5.1187625
5.1788874,-7.2242103,-7.527044
5.234619,1.6789504,14.893202
16.678171,-14.119844,1.4273785
4.5820637,1.2892832,6.0000515
-0.36454633,1.6520268,-0.094289556
5.9115205,0.1913079,8.672972
0.13252951,2.8536153,0.5845352
-17.222542,-2.0694084,-0.3228007
-9.721013,-3.708756,-3.9249508
-7.0182214,0.17099948,8.603619
-6.024409,3.544142,8.253477
7.9094567,7.1996684,6.149881
-4.463082,-9.161555,6.0107718
-10.40999,-4.476982,-5.848317
16.165588,-11.7395735,0.5202666
15.132386,-12.01143,-0.64769024
10.932782,11.274226,-9.431506
9.330625,12.399409,-10.356913
-6.736251,2.021677,8.266508
0.6816039,0.6837914,2.6182559
9.977273,12.619511,-9.96624
17.15213,-9.174404,1.9997561
9.26214,4.543175,-12.556623
11.185039,12.000645,-8.964641
1.4133359,-11.891792,-8.987692
7.583301,7.087417,6.644762
7.8249,6.2628226,5.136317
-7.3712854,1.0560247,8.8242655
7.793672,6.995724,6.333793
8.318345,6.2879977,4.796043
-19.566011,-1.6408561,-0.69250894
5.13189,-6.5094166,-8.98494
4.098315,-7.5390296,-7.9725304
5.269446,-6.3247957,-8.889086
-18.352232,-2.3887677,-1.8429292
5.4205713,-0.038474336,8.929276
-9.987044,-3.5125563,-3.9928114
-1.1508034,-11.163192,9.36302
13.8648815,-13.474279,2.3408406
4.692752,1.2509873,6.0543127
-3.3968344,-9.494049,5.1338077
10.031275,10.606995,-10.13912
-0.3909361,3.303675,1.0920086
7.35383,11.276804,-11.23759
16.434742,-10.373152,3.033306
16.599485,-12.714829,-1.0507691
-10.616637,-3.7882786,-6.0619016
-7.022375,0.16308236,8.610781
2.0223484,-6.5151043,-10.436864
8.19155,6.616282,5.043431
7.4557915,10.215662,-12.878
-11.364245,-3.3462734,-6.009721
-6.2250414,3.0982924,8.253662
-16.391256,-4.272238,-1.0764681
6.3184795,-6.4351096,-9.635059
8.473082,6.5950875,4.5328054
-10.207137,-2.3111956,-4.517604
8.322656,6.6745133,3.2932215
5.475687,1.242433,7.8109746
-10.630512,-4.401683,-4.621492
-6.3069687,1.7515708,5.922602
6.341947,-6.9853883,-8.372179
3.0673192,2.0825176,-1.5435609
-19.813454,-1.6800545,-0.7986829
8.3537245,7.245997,3.7007406
-10.454361,-4.476315,-5.1972494
-18.360723,-1.8212589,-0.9299149
16.119669,-14.235767,-0.19750023
-3.5333848,-10.908685,6.699735
9.07634,5.8969703,5.21383
4.5576634,-6.913692,-9.407947
4.7222486,1.277323,5.9184017
-0.99620956,-5.3900094,-9.070069
-10.082479,-4.1369247,-3.7927914
-7.240755,1.3871106,8.739656
-3.6791887,-9.649627,5.052308
-16.51469,-3.618982,-1.1244144
-17.8373,-2.9378078,-1.5935774
-6.7892094,1.5634639,8.226283
7.019751,11.302485,-11.685125
1.7100749,0.5409332,-0.8199123
8.28517,10.494088,-12.000588
-0.75427544,8.308927,-8.766166
-4.109093,-13.441083,2.5150898
-6.291682,2.934164,8.246308
5.7205343,0.8884911,7.8966985
-4.1028404,-8.558771,5.3992553
-16.685781,-3.9306445,-0.8987578
-1.4150976,5.621111,-2.356819
-1.833919,4.775652,-2.9795692
-19.248426,-1.8358355,-3.1082997
3.1184828,-1.1850234,13.525026
14.809685,-8.088399,1.6808989
0.25232542,1.5282557,-0.76878536
5.523718,0.7577384,7.997198
-0.037342656,2.4052877,0.5788145
14.097267,-7.005351,0.78746593
9.694414,2.8848364,-12.105457
9.678618,12.107378,-5.778157
7.3420353,2.236814,1.3187805
-20.16593,0.568384,3.4887743
0.4518183,-11.507054,8.567893
2.0019257,-7.3359036,-9.869012
-9.529064,10.162205,1.7391938
1.5480777,2.0462058,-6.5340414
5.183807,-1.3033664,5.2806997
15.940606,-7.206904,2.5153644
8.85724,4.258923,-12.5650835
10.134463,9.15382,-7.0821323
7.184205,3.210214,0.42492613
-19.077875,0.7880422,4.507532
1.917433,-9.022849,7.8026586
1.0728317,-10.050868,-8.81536
-11.864663,8.61608,4.360627
2.2269862,2.6941204,-5.219413
5.2967224,-1.4881608,6.1197295
14.645076,-6.007101,0.8647411
8.34731,3.4276502,-12.716663
10.220706,9.3753195,-7.0092964
7.203044,2.979676,-0.537758
-21.896023,-1.4037614,1.6078196
0.5759324,-9.598682,8.609718
2.0890648,-8.695358,-10.507037
-11.811325,5.570281,8.495585
2.6218767,2.851849,-4.7255197
6.9766455,-1.0845044,4.859968
14.023221,-6.6580663,0.77959764
-2.0895545,5.332663,-1.1230245
-2.3115401,-11.348425,7.6517844
1.427009,-8.586615,8.530693
0.6539371,-7.589738,-9.445133
1.1990108,-9.240267,8.786124
17.836819,-8.214462,1.5186342
2.7853749,0.15066898,12.910622
1.62591,1.9145758,-5.874418
5.8036733,-1.3474692,4.5534368
2.9348915,2.8076746,-5.349623
-20.900496,-0.9293857,3.5648594
8.481106,3.6269178,-13.293299
-11.091849,8.450143,8.219211
-11.649881,7.767262,5.1439857
7.577619,2.8847334,1.2690268
0.6974024,-9.593838,8.173195
8.18594,2.261335,-12.910609
14.181393,-8.067448,-0.51735216
19.128944,-11.425136,1.7322888
8.324948,9.314854,-7.487796
8.54883,9.031067,-7.616959
-11.547086,10.081732,2.732671
3.7971575,2.8843489,-5.1343894
8.205794,10.808866,-7.446646
12.958741,-7.612788,2.5841699
8.233823,3.8188467,-13.37722
8.5408745,9.043101,-7.646071
-0.1067036,-6.6324463,-8.949713
8.164157,2.2422585,1.4123832
3.4002926,13.584901,9.215811
-12.357478,5.076863,8.0510645
6.7928495,1.8528078,0.299255
7.4955134,2.5643861,0.8957474
-20.21915,-1.7627187,3.7201016
0.36070433,-8.57217,-8.565032
1.5829474,-7.2943735,-9.749077
0.76484454,-9.813168,-8.461407
-19.218233,0.7392485,4.086395
3.420195,-2.0428917,12.012986
8.633151,2.3498363,-13.091324
-0.14950308,-9.927236,7.789286
11.266831,-9.958519,0.09959783
4.351192,-2.1445446,8.765784
2.4125493,-9.30013,7.933209
9.924338,11.021789,-6.897965
3.4727294,2.9134796,-5.6835675
6.73656,14.568422,-11.052746
16.160585,-6.8218775,0.5401935
13.79226,-6.298716,0.6088323
7.9271955,2.8175063,-12.855072
-11.188664,9.532083,4.433409
0.39031404,-8.59608,-8.537156
8.25876,2.2267265,1.2539365
6.631815,12.872134,-14.318608
8.760779,2.4451044,-12.919717
-12.149205,8.589178,5.20337
-20.43415,0.93733704,3.5013375
-0.25821406,-6.358437,-9.139641
6.602081,2.669045,0.25872564
7.553401,2.8443658,-12.877137
7.0955706,2.7357655,-0.015952908
5.793538,-1.3906085,4.569949
9.358526,2.5700758,-12.173878
-9.913391,10.245433,6.3516254
2.0557828,-7.3220706,-9.77337
2.8257265,2.777441,-5.5116343
-20.908268,-0.42409357,3.2779202
7.574756,3.210223,0.9756283
-2.9701235,2.080109,-8.773942
-21.099825,0.029338662,3.7185595
14.519736,-5.474133,0.8567422
1.1034219,-8.418953,8.909567
7.4333067,3.1813014,0.83964026
1.6228118,-7.20845,-10.373402
5.818299,-1.3773472,4.5662174
0.7500392,-7.0485706,-8.962644
10.31693,2.2233083,-11.600909
-10.824344,8.918794,5.799154
0.004173473,-9.919919,7.2336364
-22.840302,-0.92938197,2.4490628
-20.496994,-2.1693914,3.9448247
-9.915366,11.867761,3.5927036
9.202902,8.978404,-7.522109
1.3770416,1.4397249,-5.2049274
6.805205,13.755477,-9.785064
8.423007,9.012525,-7.6799006
0.42896143,-11.808203,8.830934
-11.7899,7.957972,4.853217
7.042236,-0.14441453,9.412628
1.7948487,-9.197741,7.8608665
-20.289694,1.2370663,3.5720594
1.8319311,2.0244408,-6.4869437
3.2151966,2.6909902,-5.8992357
-20.427507,0.54779863,4.065942
3.3973975,-1.4198445,11.468007
14.447001,-7.2570524,0.8598759
3.2190173,2.793792,-5.671123
7.0390496,1.8405254,7.7524962
1.8160864,1.9418818,-5.9229627
12.072778,-12.094127,2.8847814
-6.0364933,1.9141846,-7.399123
2.2600026,12.348602,-9.995648
3.8826323,8.940588,7.243328
-17.53533,-1.1758925,-1.2596961
1.9883864,-11.415613,4.349243
1.3549972,-9.55793,-14.686032
-11.419104,9.162594,5.924428
1.8139331,3.0404327,-1.4326574
-8.720699,-2.5627239,1.9848903
14.90508,-10.806642,6.671212
-4.3085704,1.0860965,-9.604296
2.9772642,11.573023,-9.343203
3.955213,9.040976,8.574751
-17.913889,-0.9832718,-1.4920161
-3.7816918,-13.01796,0.62156
1.3784602,-9.892717,-14.188121
-12.525053,5.1362705,8.109072
-0.9226841,4.1685877,-0.9364549
-9.899884,-2.0196004,1.6421609
11.994738,-12.340853,2.4349408
-4.5274773,0.6826595,-9.597506
2.8729177,13.824512,-8.986414
3.6765804,8.484543,6.0718513
-15.873426,-3.6651855,-1.7763997
-4.0209837,-13.247963,0.6870504
1.3287865,-10.110729,-13.7667055
-12.130226,3.9549623,11.131462
2.0249133,2.892193,-1.6065596
-8.930216,-1.646511,1.6752886
13.185054,-10.1867075,2.6670604
-10.167811,-1.9358952,1.4659767
2.0490727,-11.486427,2.968881
-2.8584402,-15.148962,2.067204
-0.08875992,-10.119952,-12.416553
-4.6734343,-13.04447,0.24034107
15.733482,-12.706111,0.99656355
-9.315662,-3.449274,0.20752856
-0.9287373,3.2076406,-1.6563561
-9.602557,-1.9819885,1.5477545
-0.57707846,3.1351516,-1.5407283
-16.858257,-1.314533,-0.13427816
-5.4410863,2.119092,-5.858465
-12.049643,4.3171344,11.271998
-11.978476,4.2648954,11.28658
2.6958435,11.503611,8.395088
-4.216927,-13.506064,1.9764872
-5.3966246,2.0575,-5.9530363
11.03449,-12.345628,0.69900566
15.465915,-11.586407,5.036054
4.332193,12.479442,-6.738109
3.3760176,12.195344,-8.102608
-12.190602,6.0137444,9.142835
-1.7217443,3.8017228,-1.3680127
4.163756,12.087315,-6.218109
11.365606,-14.906724,-0.48283058
-7.108058,5.1381497,-8.957123
4.3099236,12.171066,-6.2072945
-0.09818121,-9.630791,-14.456107
4.2298717,10.217805,8.147689
3.8618174,9.321926,7.3805275
-11.774291,5.128077,9.056337
4.4692254,10.469157,8.717078
4.6259036,9.895722,5.6574183
-16.564596,-1.2713997,0.44064486
1.6152698,-11.942874,-12.456516
4.8153496,-8.632386,-14.822851
0.28088602,-12.113983,-12.573161
-18.138853,-1.5569756,-1.4145103
-9.2797985,-2.036136,1.253613
-5.565485,0.48240918,-7.4125466
0.9865215,-10.888291,2.8076901
11.160241,-12.785786,0.79862696
-9.791668,-1.8875675,0.4725896
1.2231846,-11.049662,2.7735863
3.8653905,12.48238,-7.310924
1.7306061,0.45846376,0.17497177
3.420926,11.073067,-9.696863
12.858425,-13.8931055,2.5477033
13.561265,-10.631668,1.8827398
-7.1373816,5.2817082,-8.76991
-12.274802,5.8348737,9.769706
1.7336849,-10.261028,-13.654734
3.7380743,9.554009,7.9872518
3.2313678,13.897375,-13.526332
-5.270894,-0.4647197,-7.822553
-12.160279,4.196515,11.115047
-18.232286,-1.3035543,-0.9073217
1.7828,-6.3410683,-14.658334
3.9338133,10.068689,9.112036
-4.7042484,-0.34344837,-8.347485
6.5174866,7.704356,2.2647703
-9.202757,-1.9511546,0.51122135
-5.007608,0.9546373,-7.596854
-12.195977,5.6768565,9.920174
1.513536,-11.877225,-11.932202
-1.9906095,2.8743155,-3.111746
-20.860958,0.39648867,3.9173758
6.513318,7.6988087,2.3571353
-5.68345,0.41101325,-7.1416783
-16.773735,1.9176681,5.285056
12.996723,-11.389511,-0.030773424
0.8971873,-9.707863,4.2897234
3.8863075,8.597594,5.3679986
2.1792316,-6.006095,-14.223248
-10.236517,-2.1871881,1.8887069
2.3088038,-6.0418644,-14.342133
-6.0833917,1.4355638,-6.824651
-12.424968,5.651756,9.984265
-4.5623083,-13.733045,2.081514
-22.946623,-0.88407797,2.3891716
-16.568192,1.3958342,5.4142714
-12.301206,5.59569,10.72186
3.0997102,12.727834,-9.256611
-3.9239836,4.0395856,-1.6129771
3.3095222,12.585445,-9.045121
2.3604453,12.902719,-9.530994
-4.60616,-14.5710745,0.97209036
-11.107059,8.294412,5.4932227
-9.4995985,-2.3428264,1.9769363
-6.2232494,-15.358133,-0.48473978
-23.06703,-1.7857372,2.5600514
1.1083716,1.35073,-0.71678597
-5.445406,4.046503,-2.8248146
-16.678984,1.5913906,5.3545012
-8.718998,-2.4979374,1.5119696
10.877967,-12.269805,0.72507715
2.0737154,2.945712,-1.9499388
-9.376814,-3.3180554,1.5943187
-2.3990395,3.795091,-1.74591
16.758835,-7.4421506,4.5992637
-8.669733,3.5292017,-10.18982
4.825883,13.284428,-12.808986
5.6480985,7.990395,2.4126694
-22.325111,-3.847233,1.1116073
-6.020233,-13.354407,4.8990316
6.7242603,-9.3572235,-8.693255
-8.902202,8.001732,8.347457
3.3725877,6.5212574,-10.080797
7.736597,0.27876583,9.852374
18.54518,-10.436885,3.0710707
-8.227452,5.3214,-10.47988
6.4520326,13.363326,-12.743344
5.9381824,9.694154,3.911902
-20.071426,-3.348981,0.6770997
-7.497128,-14.857965,2.3539562
6.905124,-9.807024,-8.442797
-10.55399,10.319397,6.217179
-10.900998,-2.8969305,-6.646599
2.172567,0.6906418,12.29436
13.222515,-8.765884,4.8545275
-7.4043956,4.600886,-9.099378
3.6246724,13.471566,-13.525862
6.904002,10.842976,4.565385
-21.707993,-2.5955083,2.2712743
-6.9438496,-14.709534,1.9422184
5.687884,-7.5019383,-9.134803
-8.844716,10.121518,6.0741024
-3.7028987,3.3504496,-2.3838878
7.253532,2.2344797,7.781444
14.739308,-8.304601,2.800589
2.762581,0.31340426,12.391867
-6.9028707,-11.351719,4.423381
-5.207037,-14.50875,1.6327332
4.86055,-11.22753,-8.893641
-6.3393507,-13.4156685,4.8315716
14.184768,-8.353289,2.7785237
8.53176,1.8278075,1.9007268
2.2784512,1.7315664,1.7430143
3.457246,-0.67347443,11.991836
-0.54206955,-0.7856252,2.7214923
-19.73559,-5.1223164,1.8180542
-3.3570762,2.523328,-7.6629224
-8.859065,12.129006,5.0434375
-9.138413,7.445928,7.909388
6.8831415,11.674077,3.5225992
-5.7245345,-13.254629,3.740171
-5.0479336,2.4703887,-8.062301
11.0091095,-10.052417,2.4490228
11.506119,-9.76205,3.0859878
4.2339835,12.020355,-11.130802
4.525887,11.820871,-14.979474
-9.03807,13.2700405,5.4785414
-0.71080184,-0.8860368,2.9207408
3.426692,13.617655,-13.084385
12.342615,-12.4864645,3.9696302
8.423794,5.176641,-13.577678
7.5497117,10.661256,-13.166723
3.331563,-5.4072275,-10.677716
6.5480824,11.3074875,2.7533603
6.4465585,11.45859,2.6027436
-8.961705,9.66842,7.0223236
1.9324692,11.330461,5.968068
1.9100158,11.512368,5.4635577
-19.592651,-2.2297227,1.3436834
4.0065327,-7.007331,-9.3011465
4.9169364,-11.25944,-8.804114
6.851474,-9.338797,-8.652533
-21.367783,-2.715636,1.1874245
7.409916,2.5014417,8.223767
-5.563082,4.9235644,-7.668728
-6.8277025,-11.376472,4.088369
12.659975,-13.404391,0.7443946
4.3750663,1.6711107,8.479398
-6.4899354,-11.814259,3.318481
3.649297,13.133114,-14.22263
-1.8651353,1.0966804,-0.82608336
4.572243,12.231053,-14.719556
11.649018,-14.363402,0.6786371
16.510725,-10.307279,2.3819
-4.485721,0.52400947,-10.397086
-8.897919,9.962073,7.440887
2.7030873,-9.709309,-9.217169
5.623885,12.050126,5.1331096
5.7885175,14.3327055,-6.748016
-6.8928475,2.240874,-7.783528
-11.999124,6.263547,6.5378885
-18.98357,-7.165773,1.2978685
6.5336,-8.095412,-9.148761
6.825014,8.987137,3.5888226
-7.7377825,1.7149315,-9.152897
6.93692,10.038304,4.5106134
2.9686043,0.42815724,12.834168
-6.5830503,2.184247,-10.170988
-8.93371,12.43756,5.54787
4.5235586,-9.863082,-10.307515
3.3587148,6.623341,-10.031808
-22.397875,-3.2158413,1.4064825
7.6055527,10.043941,3.2097647
-7.6665916,3.3727202,-9.298509
-22.188793,-6.7323947,0.8380533
15.058847,-10.259039,3.5119004
-5.8410673,-11.842026,4.6160107
4.8764396,12.5918,3.0589952
4.1684427,-4.0995693,-12.333142
8.415568,1.9088185,8.654624
0.59806335,-10.878069,-13.024032
-6.3637547,4.94431,-7.6693687
-9.99842,10.965503,7.914112
-6.1835113,-14.178276,1.7187982
-21.632545,-2.5756512,1.5852021
-19.338484,-4.3279963,0.5888121
-9.124324,9.875163,7.3039994
3.9513555,12.763179,-14.4871645
-2.0148447,-1.2635275,1.6067637
0.057109848,13.749591,7.095965
2.9925,13.388032,-9.9412775
-5.090077,-11.719325,5.436801
-9.738249,9.726928,2.887516
3.4438274,-0.71405613,13.408726
-6.9420266,-14.521379,2.4059484
-22.231546,-3.857553,1.1783315
-1.8382587,-1.126584,1.7239901
2.3332775,6.5773644,-3.7276292
-21.345535,-6.6417146,0.9303968
3.3826737,-1.0568359,13.429428
11.95055,-8.552602,0.39197996
-2.0909932,-1.3374689,1.4335642
4.7569504,0.0094947405,13.303752
3.3358324,6.356098,-10.111399
8.431437,4.812898,-13.395296
6.171579,12.789747,-10.528537
9.701341,10.962149,6.431034
-17.500505,-6.7356834,1.6569796
-0.44653523,-10.043927,7.1263185
1.0005568,-12.578955,-14.732861
-6.388922,6.223562,9.555272
0.7005566,3.9858594,-0.6446567
9.400823,-0.52085257,9.325101
17.074375,-7.6292973,2.1952255
8.623759,5.029138,-13.462092
6.629885,10.735907,-14.588813
9.479033,9.530271,4.19357
-17.511011,-7.003469,1.4531176
0.67452717,-7.113619,8.996837
-0.10100124,-11.251523,-13.517372
-6.386237,8.091915,9.980893
1.7796707,3.6745107,0.20357354
7.647676,-1.0737495,8.721463
17.117176,-8.033202,2.0694253
8.170685,4.9544697,-13.745395
7.564754,13.221667,-10.1096325
9.838001,7.8393064,4.7454767
-15.202761,-5.744614,1.8284708
2.0673497,-6.022696,8.851003
1.9677804,-12.638811,-12.365327
-7.0191655,6.0105596,9.409352
1.7640209,4.24458,-0.24574228
8.712129,-1.0070548,9.060588
15.852004,-8.186874,-0.059969854
5.7222195,-1.582534,11.9081955
1.1480148,-6.2356462,8.152335
-0.40268135,-8.210745,8.143341
3.231541,-10.966084,-12.964778
1.6775595,-6.1250105,8.724937
17.430899,-8.524942,3.1172845
8.286731,-0.22842956,7.5288734
1.6010908,3.3899488,-0.6662827
8.11212,-0.42048183,10.392227
0.6083503,2.9061046,0.7556372
-15.480625,-4.6111097,4.130841
10.536521,2.527138,-11.494536
-6.593949,8.176858,9.182232
-8.222275,5.6156864,10.219903
9.701272,8.292487,4.1270957
0.9279723,-5.307312,9.255903
10.041817,3.955336,-12.291852
8.346938,13.006045,-10.268006
-6.515322,8.026566,9.692263
2.101183,3.5329082,0.45216814
9.919277,12.355157,-7.5837693
16.643421,-9.620164,2.2652047
9.604438,4.2382946,-12.61448
8.784372,11.490499,-8.772808
0.9857444,-12.595373,-14.74573
8.448537,10.22148,4.7368894
9.515416,9.784316,4.2440214
-7.052667,6.87953,10.328572
10.482171,10.929643,6.93196
10.572029,8.837769,6.4899254
-14.630086,-5.418946,2.2558234
3.220839,-10.419047,-12.485008
3.4947765,-11.581345,-12.966938
1.9873724,-11.876665,-13.702079
-15.2661495,-5.7902527,1.7753025
9.38526,-0.03209909,9.147459
10.312947,2.8502169,-11.725134
-0.509335,-7.927655,8.301383
17.815437,-8.280047,2.8558476
9.321842,-0.6267657,9.246588
0.6485624,-6.93495,8.222572
9.292411,12.641576,-7.574321
0.6334593,1.7062638,-0.9059123
9.56311,12.035261,-7.7604003
16.819637,-7.4486647,4.5938873
18.233244,-9.912067,0.50519806
9.94965,3.8801436,-12.353573
-9.28588,8.09988,8.016397
2.434538,-12.017929,-13.013473
10.924254,10.951173,7.1717024
7.6888223,12.054656,-11.373834
8.50705,4.732429,-13.440795
-21.684359,-8.5971,1.5320805
3.723684,-7.4197946,-13.20451
9.482985,11.169571,6.4633336
9.636063,3.7800236,-12.4004755
10.967587,10.019274,7.1787405
8.396712,-0.04230233,7.718889
10.1780615,3.1309855,-11.662771
-6.9672685,6.9039373,10.264153
5.032036,-10.172364,-12.752945
1.2159334,0.72377425,2.0687504
-14.571921,-5.389433,2.2827713
8.161289,10.927703,4.0179834
10.364933,3.150236,-11.60461
-16.343155,-7.3195205,0.53927994
17.22417,-9.372569,3.224303
-1.5378215,-9.954842,6.9064107
10.542958,8.87958,6.4145503
2.0755596,-11.617128,-11.902826
7.8883257,-1.6502267,9.231939
2.6857104,-11.358473,-10.500498
9.374793,4.323338,-12.920173
-7.1803603,6.0036726,9.993929
0.9291513,-6.1015615,8.627388
-16.928967,-6.538227,1.847089
-14.784818,-4.2738705,3.7165933
-6.9789534,8.232292,8.651309
8.374772,11.1529665,-8.506453
2.2411938,4.2860274,-0.33113688
10.025886,12.391841,-7.18397
9.226004,11.442823,-11.926082
1.2694174,-6.092398,8.69984
-6.878903,6.8149767,8.737032
5.9980607,-1.9699607,11.997709
-0.31100196,-7.1357,6.96522
-13.984125,-3.2768068,4.2270174
-15.652053,-2.5139089,4.8127437
7.8484426,-0.7611445,4.841035
18.164587,-7.599712,2.9711087
1.8472065,1.4104952,1.2662421
7.3190856,-1.3178755,8.870592
1.5762172,2.9912138,-1.0278972
15.6879015,-9.613972,4.140266
-3.7806854,3.6747444,-7.87185
6.518998,12.789933,-12.830882
7.8947096,12.197368,7.278498
-14.660407,-3.2244303,4.3198667
-3.3099759,-13.621705,4.173868
0.92751396,-12.089514,-11.749462
-7.1319933,9.134722,7.086605
-3.4036195,4.9380693,0.38157114
4.795174,5.136286,7.7920446
15.617911,-11.51245,0.3382885
-4.551208,3.6199455,-8.848583
6.2456017,11.126061,-8.198059
8.178689,12.117566,7.6595554
-14.337644,-3.5436783,4.0895705
-3.6462615,-12.826353,6.1698775
3.9483752,-11.708976,-10.075301
-7.151677,8.253574,8.666465
-2.217908,8.455879,-2.1392088
9.635375,-0.10718019,4.903066
17.47485,-9.124415,-1.6649514
-7.504804,3.0869236,-10.579915
9.760429,11.321401,-6.9666595
6.31647,11.858453,7.722155
-15.336213,-3.746387,4.2446756
-1.1839502,-10.580948,8.661971
3.6686258,-10.649863,-13.585061
-6.73195,8.918561,6.5201735
0.9188977,7.6914325,-1.5611554
8.885641,0.8009937,4.941687
17.351881,-8.326422,0.3955745
1.512429,0.57792807,8.6096325
-2.4279976,-13.200344,4.170123
-3.3045394,-14.620132,5.111214
4.266689,-5.412275,-13.266365
-2.422813,-13.353827,4.0942864
15.202859,-11.314506,-1.1993861
9.315553,0.03505657,4.9071774
1.6889977,6.816952,-0.6280758
1.6024319,0.27375108,8.821676
-0.33983928,4.601973,-4.1795135
-14.2738495,-4.231102,3.5280252
-5.0389185,3.3021433,-7.12361
-5.854243,8.621205,7.4144073
-7.345808,9.516314,8.518149
4.6376753,11.930391,8.166302
-2.0437012,-11.005586,5.9074636
-6.8818526,2.0696495,-10.333166
16.68298,-9.936262,-2.785841
16.789146,-9.860147,-2.7849913
-6.2121105,8.967394,6.6670585
-2.3626463,8.59697,-2.27433
8.423891,12.921581,-6.3900332
18.727917,-11.503874,2.6551592
-5.7504034,-0.16289063,-8.256154
8.821396,12.248509,-7.2075205
1.7389197,-5.8687444,-10.548235
6.165418,11.37419,8.781019
4.701048,12.289879,7.7609744
-5.040792,9.630788,6.9239573
6.2636847,9.713661,8.77996
5.9917765,11.445916,8.576132
-15.559235,-2.7366014,4.857717
1.3211441,-8.615361,-15.0070715
5.3528957,-7.886292,-13.640013
3.39934,-8.421677,-14.302429
-16.267214,-0.48758468,5.700759
9.672737,-0.044404607,4.912622
-7.874007,3.1232586,-10.716178
-0.45260924,-12.313294,4.396028
16.510916,-8.181771,0.5911672
-3.436235,6.730859,0.23602164
-2.8493404,-15.148339,2.0747688
11.037954,11.973354,-9.00005
1.2291641,7.3285127,-0.99569666
8.779178,13.259722,-4.9623685
18.806818,-11.712076,2.706937
19.278326,-11.239676,1.7264143
-6.0392528,0.8808068,-10.107466
-7.516544,10.163708,4.7393403
1.5397484,-5.7967715,-13.835325
7.387571,12.400789,7.6813703
8.735099,12.134878,-9.469751
-7.480626,3.8336487,-10.638883
-4.8939486,9.728302,6.9105268
-15.15857,-3.223666,4.612146
1.5275097,-8.748797,-15.0550585
7.3258376,12.6252,7.634718
-5.3849874,4.199325,-6.96601
-10.997402,3.7738385,7.680135
9.005851,-0.022904254,4.840017
-6.989693,3.4462874,-8.695104
-6.769495,8.966917,8.644661
5.2437563,-9.390224,-13.751853
1.0661467,7.3335724,-1.0309672
-15.662,-1.7639797,4.866026
7.2499266,12.579744,8.089637
-7.467472,0.5084166,-9.489926
-17.23322,-3.8216305,4.9524455
16.289347,-9.39701,4.2343287
-2.17288,-11.682759,2.9515276
6.7538543,11.682573,9.2361765
-0.13847183,-5.038696,-11.664482
4.134491,3.0498977,11.463636
4.579589,-10.862306,-12.547546
-6.57025,1.5178779,-10.236808
-13.0238695,7.674748,4.075576
0.20299053,-11.938898,4.159407
-17.552542,-5.660187,3.5555358
-15.166438,-3.352838,4.804589
-7.5424685,10.202683,5.1746254
9.023794,11.570847,-11.695606
-3.1068048,6.366248,-0.111588456
6.334713,11.081467,-8.190805
9.741252,12.333274,-6.1350217
-3.6140091,-13.845879,4.2229624
-6.151471,9.292576,6.8513184
3.9950078,3.9806247,9.881348
-0.23553443,-11.785434,3.5230856
-17.235771,-4.1960316,4.2988615
2.047966,7.257695,-0.2971698
-0.18579368,7.9216924,-4.7372966
-15.633491,-1.482619,4.776047
10.025439,-0.3752014,4.674959
18.19808,-8.728307,1.1421671
0.17224266,8.403875,-1.7499692
2.9316766,3.5950587,11.213169
0.6070766,7.9367127,-1.6098615
15.779716,-8.107964,-0.13536084
-9.515365,-2.6947374,-6.3473673
5.4581523,13.175145,-12.972654
6.915292,9.797362,8.173443
-18.044945,-3.7489026,3.7170765
0.35532892,-9.097036,3.611123
2.4959352,-12.91801,-11.586876
-11.930838,9.824846,3.100664
1.9762563,4.51205,0.7995589
3.0353975,0.7363371,6.4687004
15.157396,-10.383853,4.6341457
-9.744916,-2.7874155,-5.7688546
6.705614,12.733668,-9.645809
4.2225027,12.152977,7.0383253
-18.521763,-7.009502,0.9559306
1.0478474,-9.653931,4.420394
0.53178567,-7.2915273,-10.443954
-11.181669,6.741989,6.660079
-5.220537,5.9167237,-3.097051
9.581681,1.8951058,10.5428095
13.8532915,-10.809922,3.7378829
-8.29078,-1.9292216,-9.065591
3.3686774,14.092756,-8.757025
6.230199,13.46736,8.479514
-19.727148,-1.3556372,3.003931
-7.3819494,-14.658458,1.5554004
4.496565,-8.253112,-13.349494
-12.431667,4.885807,8.277284
-4.3418264,6.2415175,-3.3003345
2.974838,1.0435523,6.5859833
15.021934,-10.120535,6.4537477
4.490009,-1.5531856,9.081929
-1.1083685,-10.876073,5.309233
-4.970258,-11.536999,5.4612527
3.612429,-8.515882,-13.981624
-5.879554,-13.5348215,5.0003967
12.354158,-11.58026,6.5609903
3.4222713,-1.5129515,9.722473
-4.0219383,7.6879983,-0.92189646
4.7278404,-1.879414,8.829718
-4.7324424,8.01506,-3.369781
-17.793716,-6.95155,1.2989849
-5.966095,3.8610184,-8.359788
-11.72816,11.03996,3.201686
-12.642027,9.270465,3.6855133
-1.5222582,12.3082905,1.9845469
0.9802663,-10.638187,2.9128075
-9.210916,-2.4563696,-7.803375
12.530927,-12.237509,5.8282614
12.369606,-11.594785,6.544224
6.2564845,13.774049,-7.985029
2.817876,13.400813,-9.230401
-10.986382,9.3109255,5.2041078
-5.443977,5.9305882,-0.30993366
4.123065,14.033026,-12.53173
15.443731,-10.153329,6.202317
-9.380874,2.8056383,-11.081982
5.5495734,13.996381,-9.583994
6.2893367,-7.07823,-10.097038
5.93522,13.570529,8.513569
3.3536282,11.994846,4.4251733
-11.852757,9.273888,2.565489
2.0654585,13.248783,6.034887
4.5246606,13.217236,7.5185833
-20.98477,-6.442953,0.7143339
5.3858867,-8.273834,-13.497639
2.9973643,-6.9448996,-11.2064705
2.6693144,-6.964456,-11.452757
-17.25703,-4.869214,3.6983795
5.421667,2.8800402,10.865083
-6.3794923,0.908841,-9.758049
-4.346368,-13.783098,0.62716234
14.310522,-10.149598,6.531288
2.5137308,0.7785623,9.335694
-0.27181694,-10.030939,4.0341773
5.4055386,15.159105,-9.564684
-3.6986618,7.5129123,-1.0630091
5.9178777,14.349517,-6.965301
14.899774,-10.571483,6.6246266
15.219583,-10.10168,6.167393
-8.14914,3.4366136,-10.049634
-11.640253,10.8379135,3.1112578
5.4729567,-9.007093,-12.425523
2.0104618,13.369568,4.4154415
4.516478,15.49048,-10.363773
-9.003654,-2.2992442,-8.611929
-10.126126,11.540376,3.3969424
-18.243876,-5.2501583,1.8232458
5.8400116,-8.373894,-12.902686
3.4335415,13.321412,5.1577783
-6.966649,1.3480214,-9.568111
7.5909333,9.797928,7.728585
4.3598914,-2.0871308,8.737195
-6.7473817,1.1835251,-9.498061
-10.887247,10.328995,5.547003
5.844467,-8.176693,-13.117428
-3.2237377,7.900359,-2.2342234
-18.435238,-4.518894,2.0770574
5.809501,12.0956955,5.2069817
-6.5552635,-0.5902804,-9.141904
-20.40208,-5.3890057,2.7917578
11.272808,-10.113164,1.4641594
-7.94946,-14.668286,2.350102
1.8381009,13.469295,4.4069104
3.0934863,-7.339038,-10.371081
2.9487834,0.8528257,9.883431
6.266581,-7.6431866,-12.6128235
-7.7149577,-1.9830863,-9.831449
-11.830825,10.222993,2.3401449
-7.3794985,-13.548175,1.5287129
-20.002098,-6.4417524,2.1684976
-17.919113,-5.314384,4.030317
-12.515135,5.720678,7.755636
3.1878805,13.730875,-13.552711
3.3155165,7.4830637,-9.815352
4.095066,15.1554365,-11.737606
5.0751386,15.219388,-9.50772
-6.0250716,-15.37831,-0.66368073
-13.234778,6.2679186,5.752353
2.9195175,1.0437148,9.442406
-5.1702466,-12.67306,1.9807891
-18.80004,-5.3882313,0.6590601
-4.6978154,6.6621685,-3.7902987
-3.3623044,7.603992,-3.8686419
-17.826717,-2.4570034,6.6773815
5.7585945,-0.21702485,12.303078
14.68056,-10.855333,7.0094366
-2.8617816,6.8510623,-4.362455
2.0843394,-0.28605834,9.226095
-2.5588856,7.411783,-3.397073
17.503815,-9.004685,-1.7483491
-7.1856585,-5.158172,-3.555819
7.945571,13.076444,-5.887536
5.6713247,11.79232,6.6468296
-21.528112,-7.7941794,0.99903744
1.0224175,-8.1188,6.2015066
6.506829,-5.487511,-12.76302
-11.163484,11.585184,3.2103794
-3.1947877,4.1109796,-3.4629068
7.378733,-2.0868583,8.596315
12.05454,-9.813395,-0.16110817
-8.9426,-2.2255414,-8.326715
10.675001,12.780433,-6.146658
4.628859,12.74998,7.855725
-21.724804,-8.153602,1.0695741
-0.8783075,-9.2181835,5.6598873
5.9642696,-5.7006574,-13.2907095
-9.195523,6.9839716,6.9678907
-4.611245,4.367186,-3.2065914
5.75148,-2.0098064,9.780762
13.449697,-10.024604,-0.53818613
-9.174029,-1.5125118,-1.6676692
8.413316,12.8349695,-5.531176
10.035884,7.8003607,4.782185
-21.831957,-8.212121,0.9771658
-0.18081008,-10.581576,3.3115335
7.5505557,-7.355833,-12.823485
-8.82518,8.072651,5.65863
-3.6940148,5.8972745,-3.0583024
4.8227415,-2.1166105,9.546571
18.969807,-12.001317,0.83070177
4.9798417,-0.99400246,10.627685
-1.3000438,-9.719076,4.0003037
-1.2562525,-10.184131,3.0918825
7.0353975,-7.233539,-12.687436
-2.8561113,-11.599588,6.452231
11.146051,-13.407505,-0.89435136
5.5110803,0.9559358,10.044225
-2.4412606,6.310221,-4.295897
4.3154116,-2.1083632,7.930181
-2.8248124,4.2257094,-4.467038
-21.168602,-7.5747685,1.0722821
-8.958518,2.4124837,-11.156219
-8.89997,6.5491085,7.405174
-9.6541195,7.830281,4.9535036
6.6297736,10.428793,7.2084723
-1.2540463,-9.532899,3.9596038
-8.48685,3.517174,-11.055519
12.803261,-11.452957,0.41297325
12.806062,-11.792359,0.3368568
8.823652,13.365647,-4.767519
9.499243,13.419744,-4.447034
-8.7941475,8.28814,5.7757044
-3.7245257,4.675635,-3.4206977
10.659567,13.668895,-5.0071435
12.770325,-12.476097,4.442775
-9.002353,-3.7397554,-4.363757
9.176156,13.061886,-4.867518
5.452944,-6.9474535,-9.963605
4.758508,12.805241,3.157955
4.137379,10.412678,7.8338585
-10.758699,9.586796,2.9238088
5.4028745,10.3072195,9.209862
5.9424014,9.813998,8.8600025
-21.029282,-7.897339,0.80074245
5.6822505,-7.401711,-9.616713
6.3276834,-7.351014,-9.739986
5.066629,-6.7775574,-10.364161
-20.886806,-6.312955,2.545308
9.101033,1.833585,9.097241
-8.19604,3.4934757,-9.50232
0.37277752,-9.586406,3.414693
12.9032135,-8.280002,1.9574841
4.631746,-0.34053838,10.301408
0.52767944,-9.685338,-8.068457
10.017323,12.853927,-9.293556
-1.596062,2.9754663,-3.5254004
10.6026,13.984328,-4.4707036
15.48219,-10.185609,4.168917
13.264026,-10.5086355,-1.117005
-9.635831,-2.9429007,-6.074212
-11.893157,9.536956,3.6543849
5.8610992,-6.355128,-11.978091
6.530401,10.678465,6.6759152
8.873312,11.507045,-7.3905463
-8.242735,5.1051793,-11.04339
-9.040377,12.417778,5.0952373
-20.953022,-6.4383483,2.7944894
7.4552774,-7.2875223,-12.842469
2.9515975,12.104224,3.4309478
-9.4083,3.7522256,-10.409129
7.684769,10.054031,5.927275
6.8560343,0.66818106,8.139095
-7.68878,3.3436983,-11.684023
-10.392305,7.8169856,9.148024
5.9624352,-6.335384,-13.180157
-2.589483,8.092989,-3.1479008
-21.099035,-8.08498,0.83058757
4.696841,9.622767,8.347633
-7.8353424,1.5630006,-10.4761505
-18.31641,-4.405058,2.7130055
12.783342,-10.310131,-0.3361694
-2.1546752,-11.626245,1.8797392
7.1638293,10.085687,7.664502
7.5268784,-6.2910976,-11.179046
4.0596213,-2.1041877,10.948732
7.0530434,-7.879285,-9.923051
-8.445995,1.2549843,-10.697122
-11.54657,11.725274,6.3398657
-3.3844411,-11.851201,4.789555
-19.230421,-6.04426,-0.31604487
-19.195372,-5.8389997,-0.20158842
-11.210537,6.876485,9.260146
9.102534,12.02482,-4.7681746
-1.8597155,7.2784944,-4.225554
9.318592,12.658875,-7.1551733
9.119762,11.775506,-5.8859563
1.0406795,-9.271851,3.0253243
-10.497625,7.990024,4.8529663
3.8952026,-2.1961217,10.496709
-2.1083536,-12.865849,7.1468186
-19.041714,-5.4391603,-0.29076564
-3.650104,4.11952,-4.6121693
-4.7743845,4.5187383,-3.0164125
-20.912191,-6.3476877,2.6513572
3.5568366,-2.577012,12.075395
11.434757,-12.829054,-1.0572368
-3.5189748,7.178229,-2.7657015
17.16319,-8.4864435,2.2544303
-7.7109084,-4.9280577,-3.4608428
7.3595757,10.922875,-12.810129
7.550977,7.733352,4.360334
-19.843801,0.7711254,3.0809646
0.42866525,-9.513139,7.112612
3.387383,-11.346005,-10.343993
-8.189634,5.378833,9.241235
1.2926433,1.4144405,1.8102491
7.315857,-1.43354,11.105451
17.017477,-11.270931,-0.5671498
-7.45122,-4.3328667,-2.7321463
7.500626,10.524549,-14.014573
8.582688,7.767943,5.507145
-21.278645,-1.6260663,1.7590873
0.497443,-7.685196,6.465114
3.5709302,-11.783362,-10.2566
-8.687548,4.7168803,9.417111
1.7814686,1.2855474,1.5678095
5.7775316,0.16711098,13.283507
15.550924,-7.35967,2.897479
-8.822602,-3.655599,-3.4400373
7.9646435,11.512901,-12.913484
7.1634564,8.374766,3.6903815
-20.224813,-0.7723809,2.498713
1.9466591,-5.529889,6.3783894
2.5962515,-12.406804,-11.135089
-8.004978,5.411832,9.391086
2.227904,1.6370131,1.5827674
7.3870425,-1.2777328,11.044448
17.068918,-10.139851,-0.38039878
6.2258606,0.1038171,11.087474
0.5052771,-7.7573195,6.4759874
0.27125895,-7.80894,6.4221225
1.4734024,-10.570697,-9.071022
0.58183306,-7.841019,6.2842836
16.665556,-10.284524,0.08606758
5.54358,-0.2437177,12.651208
-0.08372452,1.3586438,0.8140259
7.082958,0.06483803,12.505232
-0.025518429,1.8569051,1.8772545
-18.817308,-2.9136333,1.3763978
-8.186029,-3.1191702,-1.9184731
-8.094668,6.4629765,8.240073
-7.080383,6.05465,8.116352
7.109567,11.609609,4.3874536
0.21548451,-7.8959785,8.543949
-7.743617,-3.1498587,-1.7332491
16.310963,-10.023903,1.1003088
16.459005,-9.952735,0.88558465
9.987339,12.171761,-12.17762
8.178889,10.566459,-12.156748
-9.311602,4.5287943,10.151123
-0.8794588,-1.2531183,3.3627315
9.223829,11.170207,-13.037627
19.00034,-11.868142,0.958627
-7.189521,-4.331602,-2.290208
9.15997,10.748679,-13.4032135
4.0921917,-12.3468685,-11.019053
8.614057,7.681264,4.9697986
8.504506,10.493687,5.4148192
-8.996938,5.8865285,9.255148
8.979626,8.157034,5.4272323
7.026533,10.911041,6.115243
-21.298546,-1.0822883,1.7320974
1.8671908,-11.303063,-11.305057
-0.08747498,-11.922782,-13.320041
2.506431,-9.547896,-11.678623
-19.937107,-1.6911949,2.03256
8.183454,-0.5977114,10.9606085
-7.237909,-4.3416314,-2.2206452
0.66577595,-7.3194046,5.558826
17.870823,-12.790058,1.1746743
7.510046,-0.7151635,12.127551
-0.65547854,-8.866689,3.756037
8.413035,11.35076,-12.937479
0.19062,0.7034514,2.9365804
9.157917,11.318211,-12.986737
18.813751,-12.150297,0.7610479
16.315084,-9.673609,1.3285109
-7.0875797,-4.1327705,-1.7438647
-8.610096,6.000757,7.523111
3.3434365,-11.235314,-9.881802
8.026805,9.591651,4.45344
5.865359,11.00346,-14.850285
-7.4423504,-5.039697,-3.3538675
-8.468743,7.2039685,8.55247
-20.599371,-2.2369974,1.7076124
4.062448,-10.901407,-10.51833
5.3977623,9.615418,5.06985
-8.840479,-3.602655,-3.383732
7.445865,11.89222,4.3930416
5.403549,-0.26151252,12.48617
-7.5639877,-3.652096,-2.189696
-8.150872,6.1736393,8.169889
3.6697712,-10.010451,-10.979073
-0.13991602,0.55534244,2.755994
-20.305841,-0.6400423,2.6923234
8.276357,11.37726,5.523299
-7.4619327,-3.3552065,-1.6744602
-20.294065,-0.99816954,2.516866
17.238228,-10.019521,-0.16041122
0.22619867,-7.9420037,8.651184
7.3751807,9.692703,4.121251
3.6712887,-10.158281,-10.87414
7.968722,-0.9124699,11.251213
4.307288,-8.511259,-12.630833
-7.234572,-4.7849317,-2.390507
-7.276619,5.0001097,8.956708
2.0002,-6.62889,8.725534
-20.484867,-1.8451207,1.8393613
-18.88144,0.30630305,4.2730317
-8.999144,5.117503,9.3322
9.060526,12.359066,-12.25212
-0.81550276,-0.11602454,2.6826992
7.060939,13.42474,-7.583544
9.234131,10.776604,-13.404178
0.4233432,-8.745147,5.6573567
-7.7792935,5.097382,9.126994
5.61352,-0.6482939,10.424835
-0.74325275,-9.848909,6.24225
-20.869844,-1.3879236,1.798547
-0.80009764,-0.2530775,1.7242497
-0.79006016,0.004983262,1.2573471
-19.496758,-2.4018795,0.9970374
5.7419376,-0.7521548,14.134798
16.164566,-10.28605,2.6411078
-1.2066679,-0.03048822,2.6140382
5.6081924,-0.68806344,13.666437
-0.57224935,0.04673342,1.0380762
12.697641,-12.48946,0.30371764
-9.629339,2.4213395,-9.803857
6.975158,11.068514,-9.254922
4.607938,13.848156,3.3569999
-17.42004,-2.1488526,4.457924
-5.7572045,-15.277868,1.8367916
6.8597198,-4.721351,-12.759096
-9.285429,10.112348,1.227098
-7.933754,-1.7673253,-8.056166
-8.688138,-1.9076067,1.0339195
12.506779,-12.251165,-0.8087829
-6.4856863,-0.38690412,-10.369698
11.072041,14.3068075,-5.445912
2.235167,12.356335,7.376436
-17.714182,-3.0670745,5.223353
-4.9373775,-15.41643,1.4894413
5.553971,-4.6779933,-11.017872
-7.128758,-3.0181844,2.2908726
13.321134,-13.04589,1.0634465
-6.1032248,-0.56605387,-10.07893
11.698159,12.0945425,-8.6968565
3.0216112,12.340327,3.372653
-18.36064,-0.89304054,5.405231
-3.8233662,-14.016093,4.3874974
2.2802653,-3.4562402,-11.990119
-9.532057,10.038905,1.8371494
-6.7465425,7.0336194,-2.9490783
-7.130274,-2.998057,2.3687198
10.515817,-13.913398,-1.6544799
-7.3206177,-2.980556,2.191546
-5.364021,-15.435998,5.281631
-8.135392,-15.199758,1.3818392
5.10393,-5.805452,-10.68709
-5.3175573,-15.67488,1.9148076
13.507585,-9.588544,0.01464779
-7.6926084,0.8466732,4.081589
-4.4514546,2.9851766,-1.1928872
-5.471366,-15.568817,5.4343925
0.8902611,3.3324146,-6.065819
-19.418373,-2.9949517,4.592271
-9.48948,3.9284952,-11.315554
-9.394865,10.306291,4.8253484
-10.835354,12.754491,3.1816652
-1.4535804,11.142811,1.5753762
-7.505723,-15.389276,0.35966596
-8.75503,1.7081307,-10.438253
11.477798,-13.636594,-1.9189173
11.346653,-7.8467283,0.8992731
10.807697,14.176726,-4.213136
8.033398,13.117513,-10.076239
-10.657866,13.214436,2.5096145
-3.596038,5.343998,-2.8983462
10.887402,13.728607,-4.513683
12.848702,-12.188957,-1.966676
-6.462519,-0.3804875,-10.8072815
2.4002142,12.576672,-10.392875
6.284529,-5.2125916,-11.825913
-1.2082645,11.073756,1.5282204
-2.045798,11.390586,1.4102403
-10.540987,12.751801,3.4616973
-2.120079,10.930594,3.1819818
-0.794491,10.8401375,1.3844843
-17.87767,-0.6318972,5.253075
3.6520407,-5.04813,-11.7469015
3.5323076,-4.1009483,-11.844892
5.8297415,-5.7004995,-11.818038
-7.433249,7.7845135,0.7892876
-8.225145,-1.8163275,2.8764215
-7.708685,2.0863547,-11.257098
-6.0707245,-14.99953,2.2848935
11.786479,-13.703935,-1.9727435
8.669281,1.7159508,10.437591
-2.4518478,-10.989122,2.7367158
11.033906,14.203124,-5.3327584
0.58202595,4.2038803,-6.6921215
18.625439,-10.661295,2.862805
-8.797748,2.003938,-10.922597
-11.0842495,11.651015,4.287471
6.3576083,-5.329058,-11.863295
2.8981974,13.373835,3.1013682
5.1090784,12.926717,-13.186319
-9.861147,2.9199433,-11.466567
-9.576035,13.307264,4.4766636
-7.41733,7.7364426,0.77613276
4.5450945,-4.267244,-11.800646
4.6296954,14.081375,3.8292189
-9.420567,3.7130904,-11.659115
3.175773,13.497563,1.9661727
-7.3347945,1.7208824,4.473127
-8.44633,3.4125714,-10.981694
-11.407235,12.324134,3.0323796
5.320861,-7.101773,-14.549576
0.44398054,3.029021,-6.160433
-20.019125,-3.3636339,4.582158
4.3528147,13.240203,3.3016949
-9.3518,4.14151,-10.894646
-17.702467,-2.0930064,4.0573244
11.708801,-13.581809,-0.00021478909
-4.0619283,-15.153089,4.394197
4.643431,13.595716,4.130202
3.4436016,-3.5461397,-11.973507
8.486472,2.4887109,12.048388
2.5752192,-4.504668,-10.05773
-9.499895,4.105924,-11.228223
-12.205054,9.794951,7.2191906
-6.960607,-12.977213,3.8176625
-17.555536,-2.555453,4.540379
-18.440842,0.022127125,5.020315
-11.124949,12.148084,5.6786537
5.8496175,9.707667,-12.235029
8.331197,13.552373,-5.380453
-4.505917,-15.479082,1.6196222
-11.444062,13.101868,4.01563
4.3258204,13.191214,1.8400375
-3.899749,-15.058309,4.308209
-7.4196663,7.8152304,0.7926765
-18.690819,-3.1947932,4.938601
-5.5867767,-15.640469,5.285311
13.228461,-8.030835,2.120641
-0.8488974,4.5680957,-7.129768
-7.5403867,1.4098244,4.3111215
-0.2849138,4.538303,-7.333186
17.052038,-11.698948,0.18887377
-2.9304543,1.2592794,-9.173119
8.131401,12.0078535,-10.938525
5.158719,7.3258653,2.9169786
-16.522638,-7.63193,-0.63080317
1.5698813,-10.874762,6.3710504
-0.44525626,-7.2505217,-11.834693
-12.513542,9.02919,5.3180094
0.21311593,7.4575577,-4.3246937
6.9845977,-0.47136566,8.870612
16.037746,-12.004898,-0.24965963
-4.7531686,1.5754017,-7.117853
2.0249627,12.898187,-9.49354
-0.027369248,11.558338,2.648735
-19.572466,-5.271172,3.5595658
1.3235475,-11.364189,5.7067776
3.2833517,-9.778303,-9.20534
-12.252184,7.7608547,8.704784
-1.1283902,7.5682087,-1.8011354
4.159787,0.5999245,10.030688
16.586561,-14.465751,0.31278354
-4.035759,1.2193029,-10.116977
3.0785654,14.287257,-7.0970893
-1.8914794,-8.781099,0.584142
-18.942104,-5.5788417,2.9603252
1.7630565,-11.992236,5.5824447
-0.1962085,-8.252188,-11.182453
-12.448764,8.929356,5.258482
0.67292196,6.8411765,-3.9885793
7.862134,1.2794261,10.469652
15.263966,-9.569667,3.668141
5.1678505,1.4963553,11.172949
0.1999397,-11.753953,5.8424377
-1.3006345,-11.092684,8.595246
0.12663125,-8.89783,-11.225453
-1.8826408,-12.545776,6.960634
12.007849,-12.809753,1.7688662
5.107622,1.3843129,13.0819435
1.8915043,4.9929743,-2.7643182
5.357488,0.6976379,12.213531
-1.8874325,7.76472,-0.96048796
-19.160881,-5.969287,4.416995
-2.9757903,1.7970376,-8.886262
-7.8177595,6.821499,11.207635
-12.452684,6.181602,8.988574
-1.353355,12.422674,2.1925256
1.634307,-11.371936,5.7143993
-5.479802,2.2947204,-7.9649806
15.998631,-14.082328,2.688009
14.839093,-8.264629,4.269404
5.963246,10.96705,-14.850317
7.646432,11.493507,-12.957475
-10.730635,11.095322,6.9233403
-3.3854873,6.4064097,-0.42758355
5.9360695,11.079457,-14.636462
14.00857,-15.005858,2.4340932
-4.1886606,2.1348693,-10.203589
7.774211,10.042844,-14.187799
3.3434207,-9.122102,-9.134001
0.007766542,11.853106,3.224418
-0.41872433,11.963432,3.4093585
-9.255388,10.901082,9.350365
4.8214426,6.8385983,3.0382905
-0.43767962,11.9159,2.8610785
-16.89568,-6.0062757,3.0484056
-0.7388044,-5.557884,-11.611148
0.24867313,-9.110471,-11.401816
-1.2361346,-9.258238,-13.864252
-16.839806,-7.3894796,0.11048924
5.2564573,0.50194293,8.7979145
-4.902589,3.2123828,-6.9804425
0.398761,-11.595558,8.281423
15.972217,-13.572308,2.8686583
5.568114,1.3471317,10.376172
1.8834113,-12.095868,5.7439723
2.6043317,14.921451,-6.7529864
0.5888653,6.055406,-3.8641999
2.9808028,13.817944,-8.295236
15.31647,-12.459867,3.6368985
16.596481,-14.318015,0.45244512
-3.302076,2.803634,-7.405614
-10.396879,13.141976,6.286795
-0.14209037,-6.210494,-11.755436
0.7357464,11.907793,3.389763
3.0637438,14.289117,-7.158155
-5.562995,5.702984,-8.839638
-9.8542385,12.588906,7.4846706
-17.50956,-7.45983,0.30544063
1.4052148,-5.589411,-13.208081
2.9769866,12.04897,4.4152155
-5.553671,4.007611,-7.330851
4.5539703,8.147903,4.877714
4.913537,0.7453337,8.866245
-4.263956,1.6481999,-9.194947
-10.261108,8.254353,6.703968
0.2595157,-7.2897825,-12.527034
-1.8617855,3.1126955,-5.137135
-20.16147,-6.680748,1.5968255
-1.8868076,-8.82646,0.6445691
-3.590255,2.8126504,-7.597514
-16.435251,-5.3175282,0.49003297
13.317821,-12.231651,-2.1752005
1.368422,-10.188098,7.153032
4.8596153,10.470755,3.8852093
1.6548226,-4.3751345,-12.073792
4.132097,0.56813544,8.844945
2.691004,-10.053647,-10.542764
-3.7154431,3.1797497,-7.688541
-9.99486,9.99338,3.0877793
1.4019675,-10.390444,5.3580475
-16.773397,-6.512918,-0.13111788
-19.559042,-7.67274,0.7399028
-11.471818,6.4210153,6.3687263
10.058878,12.063902,-12.256178
1.8525981,6.381647,-3.630726
9.060964,10.665758,-12.002953
8.381863,9.666014,-13.3418255
1.3693933,-12.168647,5.1636558
-10.651123,12.350316,6.0027795
5.6512423,2.9399252,12.175698
1.699159,-10.955403,7.6833425
-18.848171,-7.0208488,0.8840077
-3.8313048,6.403643,-6.2031937
-4.974863,5.5526896,-7.4314737
-19.072477,-4.793797,1.4334044
4.2984953,1.1103574,11.108229
12.245751,-13.783634,2.42418
-1.5116782,3.211936,-4.9928203
3.5480347,2.0789576,7.4573607
1.9582658,5.416219,-2.9851222
